https://hdl.handle.net/2027/fulcrum.d217qr22t,S449
https://hdl.handle.net/2027/fulcrum.w9505209s,S326
https://hdl.handle.net/2027/fulcrum.12579v05r,S749
https://hdl.handle.net/2027/fulcrum.4b29b778b,S40
https://hdl.handle.net/2027/fulcrum.h702q801t,S642
https://hdl.handle.net/2027/fulcrum.dz010r575,S227
https://hdl.handle.net/2027/fulcrum.3j333389g,S621
https://hdl.handle.net/2027/fulcrum.3j3333800,S384
https://hdl.handle.net/2027/fulcrum.qz20sv03t,S285
https://hdl.handle.net/2027/fulcrum.hh63sx36h,S401
https://hdl.handle.net/2027/fulcrum.p8418q13k,S772
https://hdl.handle.net/2027/fulcrum.ww72bd104,S334
https://hdl.handle.net/2027/fulcrum.5712m830h,S3
https://hdl.handle.net/2027/fulcrum.hx11xg74z,S156
https://hdl.handle.net/2027/fulcrum.jd472z279,S389
https://hdl.handle.net/2027/fulcrum.db78td75m,S663
https://hdl.handle.net/2027/fulcrum.bk128c511,S741
https://hdl.handle.net/2027/fulcrum.ks65hd821,S951
https://hdl.handle.net/2027/fulcrum.zs25xb08c,S853
https://hdl.handle.net/2027/fulcrum.7w62f995k,S992
https://hdl.handle.net/2027/fulcrum.9593tw66m,S617
https://hdl.handle.net/2027/fulcrum.js956h42d,S353
https://hdl.handle.net/2027/fulcrum.44558f914,S512
https://hdl.handle.net/2027/fulcrum.v405sc18h,S111
https://hdl.handle.net/2027/fulcrum.v692t767f,S343
https://hdl.handle.net/2027/fulcrum.jm214q43z,S482
https://hdl.handle.net/2027/fulcrum.d791sh95k,S950
https://hdl.handle.net/2027/fulcrum.ng451k02z,S87
https://hdl.handle.net/2027/fulcrum.b5644t03b,S748
https://hdl.handle.net/2027/fulcrum.gm80hw927,S1241
https://hdl.handle.net/2027/fulcrum.bz60cx89s,S647
https://hdl.handle.net/2027/fulcrum.pg15bg58g,S1418
https://hdl.handle.net/2027/fulcrum.37720f48f,S707
https://hdl.handle.net/2027/fulcrum.m900nw350,S644
https://hdl.handle.net/2027/fulcrum.8336h3790,S109
https://hdl.handle.net/2027/fulcrum.pz50gx89j,S942
https://hdl.handle.net/2027/fulcrum.st74cs036,S174
https://hdl.handle.net/2027/fulcrum.4t64gp820,S1280
https://hdl.handle.net/2027/fulcrum.g445cf66j,S108
https://hdl.handle.net/2027/fulcrum.9k41zg232,S297
https://hdl.handle.net/2027/fulcrum.dr26z0080,S689
https://hdl.handle.net/2027/fulcrum.4t64gp731,S258
https://hdl.handle.net/2027/fulcrum.r781wh59g,S430
https://hdl.handle.net/2027/fulcrum.gh93h108v,S957
https://hdl.handle.net/2027/fulcrum.mp48sf48b,S262
https://hdl.handle.net/2027/fulcrum.w37638519,S1229
https://hdl.handle.net/2027/fulcrum.th83m1169,S318
https://hdl.handle.net/2027/fulcrum.k0698880d,S511
https://hdl.handle.net/2027/fulcrum.v979v4733,S114
https://hdl.handle.net/2027/fulcrum.44558f99b,S22
https://hdl.handle.net/2027/fulcrum.m039k664w,S215
https://hdl.handle.net/2027/fulcrum.3b591b19h,S294
https://hdl.handle.net/2027/fulcrum.8049g6466,S891
https://hdl.handle.net/2027/fulcrum.j098zc62p,S659
https://hdl.handle.net/2027/fulcrum.j96022597,S360
https://hdl.handle.net/2027/fulcrum.7h149r54b,S654
https://hdl.handle.net/2027/fulcrum.4t64gp995,S732
https://hdl.handle.net/2027/fulcrum.5712m8365,S129
https://hdl.handle.net/2027/fulcrum.2227mr36d,S550
https://hdl.handle.net/2027/fulcrum.8w32r7058,S155
https://hdl.handle.net/2027/fulcrum.2227mr507,S89
https://hdl.handle.net/2027/fulcrum.1j92g901w,S313
https://hdl.handle.net/2027/fulcrum.h128ng36f,S350
https://hdl.handle.net/2027/fulcrum.h128ng380,S1396
https://hdl.handle.net/2027/fulcrum.1j92g900m,S24
https://hdl.handle.net/2027/fulcrum.td96k419w,S217
https://hdl.handle.net/2027/fulcrum.cv43nz36c,S173
https://hdl.handle.net/2027/fulcrum.3n204064v,S113
https://hdl.handle.net/2027/fulcrum.qz20sv043,S42
https://hdl.handle.net/2027/fulcrum.r494vm618,S243
https://hdl.handle.net/2027/fulcrum.x633f271p,S1510
https://hdl.handle.net/2027/fulcrum.wp988m568,S1067
https://hdl.handle.net/2027/fulcrum.6w924d460,S316
https://hdl.handle.net/2027/fulcrum.j9602256d,S319
https://hdl.handle.net/2027/fulcrum.2n49t3365,S1276
https://hdl.handle.net/2027/fulcrum.cf95jd33p,S314
https://hdl.handle.net/2027/fulcrum.3t945s53w,S1102
https://hdl.handle.net/2027/fulcrum.1544bq95z,S690
https://hdl.handle.net/2027/fulcrum.cn69m592d,S107
https://hdl.handle.net/2027/fulcrum.5712m835w,S751
https://hdl.handle.net/2027/fulcrum.b8515q186,S830
https://hdl.handle.net/2027/fulcrum.05741t39z,S627
https://hdl.handle.net/2027/fulcrum.n296x079c,S70
https://hdl.handle.net/2027/fulcrum.rr171z807,S624
https://hdl.handle.net/2027/fulcrum.8049g6619,S995
https://hdl.handle.net/2027/fulcrum.qn59q589v,S193
https://hdl.handle.net/2027/fulcrum.cj82k886r,S394
https://hdl.handle.net/2027/fulcrum.fn107085c,S1429
https://hdl.handle.net/2027/fulcrum.vt150m133,S786
https://hdl.handle.net/2027/fulcrum.fb494b23v,S2473
https://hdl.handle.net/2027/fulcrum.d217qr276,S376
https://hdl.handle.net/2027/fulcrum.tb09j760d,S771
https://hdl.handle.net/2027/fulcrum.4f16c4604,S428
https://hdl.handle.net/2027/fulcrum.jq085m672,S362
https://hdl.handle.net/2027/fulcrum.4x51hk66v,S875
https://hdl.handle.net/2027/fulcrum.rn301287t,S453
https://hdl.handle.net/2027/fulcrum.6969z251d,S342
https://hdl.handle.net/2027/fulcrum.vd66w128h,S29
https://hdl.handle.net/2027/fulcrum.k930bz73j,S440
https://hdl.handle.net/2027/fulcrum.nk322f861,S85
https://hdl.handle.net/2027/fulcrum.xk81jn08z,S170
https://hdl.handle.net/2027/fulcrum.h989r478q,S54
https://hdl.handle.net/2027/fulcrum.w0892c76x,S265
https://hdl.handle.net/2027/fulcrum.8g84mn87h,S365
https://hdl.handle.net/2027/fulcrum.d217qr19h,S270
https://hdl.handle.net/2027/fulcrum.2801ph939,S128
https://hdl.handle.net/2027/fulcrum.x346d569d,S271
https://hdl.handle.net/2027/fulcrum.4q77ft00g,S445
https://hdl.handle.net/2027/fulcrum.ws859h44q,S1003
https://hdl.handle.net/2027/fulcrum.hm50tt26h,S506
https://hdl.handle.net/2027/fulcrum.r781wh607,S432
https://hdl.handle.net/2027/fulcrum.ht24wm004,S381
https://hdl.handle.net/2027/fulcrum.1c18dh43z,S438
https://hdl.handle.net/2027/fulcrum.n583xw54k,S471
https://hdl.handle.net/2027/fulcrum.ft848s360,S499
https://hdl.handle.net/2027/fulcrum.c821gm69b,S733
https://hdl.handle.net/2027/fulcrum.fj236395c,S546
https://hdl.handle.net/2027/fulcrum.cv43nz417,S403
https://hdl.handle.net/2027/fulcrum.6395w8889,S478
https://hdl.handle.net/2027/fulcrum.pr76f516x,S68
https://hdl.handle.net/2027/fulcrum.2j62s672h,S267
https://hdl.handle.net/2027/fulcrum.d504rm71s,S680
https://hdl.handle.net/2027/fulcrum.hq37vq236,S409
https://hdl.handle.net/2027/fulcrum.vh53wx546,S829
https://hdl.handle.net/2027/fulcrum.xw42n974b,S352
https://hdl.handle.net/2027/fulcrum.41687k34g,S1012
https://hdl.handle.net/2027/fulcrum.2227mr400,S184
https://hdl.handle.net/2027/fulcrum.7w62fb04b,S118
https://hdl.handle.net/2027/fulcrum.ws859h450,S1213
https://hdl.handle.net/2027/fulcrum.db78td53k,S433
https://hdl.handle.net/2027/fulcrum.qr46r261d,S651
https://hdl.handle.net/2027/fulcrum.1831cm646,S758
https://hdl.handle.net/2027/fulcrum.pr76f5176,S458
https://hdl.handle.net/2027/fulcrum.1g05fd461,S496
https://hdl.handle.net/2027/fulcrum.kk91fn25v,S207
https://hdl.handle.net/2027/fulcrum.3n204060r,S76
https://hdl.handle.net/2027/fulcrum.sn00b021k,S335
https://hdl.handle.net/2027/fulcrum.df65v962s,S739
https://hdl.handle.net/2027/fulcrum.6m311q84f,S69
https://hdl.handle.net/2027/fulcrum.0z708z28h,S774
https://hdl.handle.net/2027/fulcrum.5h73px86z,S273
https://hdl.handle.net/2027/fulcrum.vd66w1209,S246
https://hdl.handle.net/2027/fulcrum.mp48sf41d,S320
https://hdl.handle.net/2027/fulcrum.k930bz949,S2503
https://hdl.handle.net/2027/fulcrum.7h149r532,S232
https://hdl.handle.net/2027/fulcrum.rj4306458,S625
https://hdl.handle.net/2027/fulcrum.8336h377f,S852
https://hdl.handle.net/2027/fulcrum.h989r4943,S872
https://hdl.handle.net/2027/fulcrum.cc08hh394,S567
https://hdl.handle.net/2027/fulcrum.dz010r58f,S311
https://hdl.handle.net/2027/fulcrum.bc386k975,S766
https://hdl.handle.net/2027/fulcrum.5d86p179g,S1106
https://hdl.handle.net/2027/fulcrum.2227mr46n,S2287
https://hdl.handle.net/2027/fulcrum.5h73px81k,S1135
https://hdl.handle.net/2027/fulcrum.3197xn582,S186
https://hdl.handle.net/2027/fulcrum.1r66j263f,S658
https://hdl.handle.net/2027/fulcrum.8s45qb272,S832
https://hdl.handle.net/2027/fulcrum.j67315344,S898
https://hdl.handle.net/2027/fulcrum.m326m3580,S327
https://hdl.handle.net/2027/fulcrum.4q77ft23s,S91
https://hdl.handle.net/2027/fulcrum.kw52j986c,S809
https://hdl.handle.net/2027/fulcrum.n296x099v,S1365
https://hdl.handle.net/2027/fulcrum.6108vd11p,S1340
https://hdl.handle.net/2027/fulcrum.c247dt64g,S1434
https://hdl.handle.net/2027/fulcrum.bv73c207f,S161
https://hdl.handle.net/2027/fulcrum.m326m354w,S601
https://hdl.handle.net/2027/fulcrum.05741t56m,S938
https://hdl.handle.net/2027/fulcrum.ft848s47h,S576
https://hdl.handle.net/2027/fulcrum.d217qr57x,S673
https://hdl.handle.net/2027/fulcrum.8s45qb493,S697
https://hdl.handle.net/2027/fulcrum.9c67wp73s,S581
https://hdl.handle.net/2027/fulcrum.qj72p9072,S1351
https://hdl.handle.net/2027/fulcrum.2b88qf38x,S1182
https://hdl.handle.net/2027/fulcrum.8k71nj99j,S555
https://hdl.handle.net/2027/fulcrum.sx61dp08t,S593
https://hdl.handle.net/2027/fulcrum.4t64gq19f,S696
https://hdl.handle.net/2027/fulcrum.bk128c79q,S854
https://hdl.handle.net/2027/fulcrum.rx913r71q,S568
https://hdl.handle.net/2027/fulcrum.1c18dh63f,S532
https://hdl.handle.net/2027/fulcrum.rx913r720,S791
https://hdl.handle.net/2027/fulcrum.kw52jb15m,S287
https://hdl.handle.net/2027/fulcrum.j9602285v,S2580
https://hdl.handle.net/2027/fulcrum.8s45qb50v,S417
https://hdl.handle.net/2027/fulcrum.4q77ft48n,S429
https://hdl.handle.net/2027/fulcrum.9c67wp72h,S665
https://hdl.handle.net/2027/fulcrum.vm40xt52w,S596
https://hdl.handle.net/2027/fulcrum.kw52jb14b,S570
https://hdl.handle.net/2027/fulcrum.41687k52d,S631
https://hdl.handle.net/2027/fulcrum.hq37vq589,S779
https://hdl.handle.net/2027/fulcrum.hx11xh02x,S1130
https://hdl.handle.net/2027/fulcrum.dj52w680z,S587
https://hdl.handle.net/2027/fulcrum.kp78gj50q,S1184
https://hdl.handle.net/2027/fulcrum.3r074w94x,S600
https://hdl.handle.net/2027/fulcrum.6395w9282,S925
https://hdl.handle.net/2027/fulcrum.tx31qk874,S523
https://hdl.handle.net/2027/fulcrum.k0698910x,S528
