https://hdl.handle.net/2027/fulcrum.8623j065w,B108
https://hdl.handle.net/2027/fulcrum.7d278v78p,B333
https://hdl.handle.net/2027/fulcrum.tb09j770n,B149
https://hdl.handle.net/2027/fulcrum.s1784n32k,B458
https://hdl.handle.net/2027/fulcrum.fq977w613,B389
https://hdl.handle.net/2027/fulcrum.qf85nd13z,B145
https://hdl.handle.net/2027/fulcrum.9k41zg19g,B107
https://hdl.handle.net/2027/fulcrum.2n49t335w,B112
https://hdl.handle.net/2027/fulcrum.qj72p8903,B215
https://hdl.handle.net/2027/fulcrum.g158bj94g,B182
https://hdl.handle.net/2027/fulcrum.n296x0979,B326
https://hdl.handle.net/2027/fulcrum.kd17cv643,B121
https://hdl.handle.net/2027/fulcrum.6m311r03f,B177
https://hdl.handle.net/2027/fulcrum.ws859h468,B353
https://hdl.handle.net/2027/fulcrum.2b88qf11h,B174
https://hdl.handle.net/2027/fulcrum.0k225c607,B91
https://hdl.handle.net/2027/fulcrum.1g05fd45r,B82
https://hdl.handle.net/2027/fulcrum.3n2040590,B123
https://hdl.handle.net/2027/fulcrum.4f16c469m,B178
https://hdl.handle.net/2027/fulcrum.5138jg58q,B273
https://hdl.handle.net/2027/fulcrum.5m60qt40k,B158
https://hdl.handle.net/2027/fulcrum.6m311q89t,B193
https://hdl.handle.net/2027/fulcrum.6t053h51n,B110
https://hdl.handle.net/2027/fulcrum.6w924d54p,B166
https://hdl.handle.net/2027/fulcrum.8c97ks08t,B125
https://hdl.handle.net/2027/fulcrum.9593tw54t,B124
https://hdl.handle.net/2027/fulcrum.9g54xk31h,B44
https://hdl.handle.net/2027/fulcrum.bn999828q,B150
https://hdl.handle.net/2027/fulcrum.bz60cx702,B131
https://hdl.handle.net/2027/fulcrum.c821gm614,B12
https://hdl.handle.net/2027/fulcrum.c821gm62d,B155
https://hdl.handle.net/2027/fulcrum.c821gm682,B199
https://hdl.handle.net/2027/fulcrum.cc08hh326,B198
https://hdl.handle.net/2027/fulcrum.cv43nz328,B109
https://hdl.handle.net/2027/fulcrum.fn1070665,B197
https://hdl.handle.net/2027/fulcrum.fx719p235,B104
https://hdl.handle.net/2027/fulcrum.gb19f746t,B92
https://hdl.handle.net/2027/fulcrum.ht24wk99k,B342
https://hdl.handle.net/2027/fulcrum.j67315191,B111
https://hdl.handle.net/2027/fulcrum.jh343v01d,B169
https://hdl.handle.net/2027/fulcrum.kw52j965m,B18
https://hdl.handle.net/2027/fulcrum.m326m344n,B170
https://hdl.handle.net/2027/fulcrum.m613mz993,B113
https://hdl.handle.net/2027/fulcrum.m613n011b,B191
https://hdl.handle.net/2027/fulcrum.mw22v703g,B78
https://hdl.handle.net/2027/fulcrum.mw22v710w,B4
https://hdl.handle.net/2027/fulcrum.nz806141w,B256
https://hdl.handle.net/2027/fulcrum.pn89d797p,B386
https://hdl.handle.net/2027/fulcrum.qb98mg968,B37
https://hdl.handle.net/2027/fulcrum.qr46r241x,B147
https://hdl.handle.net/2027/fulcrum.r207tq89r,B128
https://hdl.handle.net/2027/fulcrum.rb68xd611,B183
https://hdl.handle.net/2027/fulcrum.sf268655x,B7
https://hdl.handle.net/2027/fulcrum.t148fj662,B251
https://hdl.handle.net/2027/fulcrum.t722hb51x,B81
https://hdl.handle.net/2027/fulcrum.td96k420n,B100
https://hdl.handle.net/2027/fulcrum.tx31qk564,B119
https://hdl.handle.net/2027/fulcrum.vd66w1277,B116
https://hdl.handle.net/2027/fulcrum.vh53wx44z,B84
https://hdl.handle.net/2027/fulcrum.wp988m53f,B162
https://hdl.handle.net/2027/fulcrum.x633f272z,B153
https://hdl.handle.net/2027/fulcrum.x633f2737,B201
https://hdl.handle.net/2027/fulcrum.xs55md73t,B359
https://hdl.handle.net/2027/fulcrum.zg64tn55r,B71
https://hdl.handle.net/2027/fulcrum.8336h370h,B133
https://hdl.handle.net/2027/fulcrum.zs25xb27k,B222
https://hdl.handle.net/2027/fulcrum.fb494b376,B247
https://hdl.handle.net/2027/fulcrum.w9505246x,B230
https://hdl.handle.net/2027/fulcrum.5712m865m,B224
https://hdl.handle.net/2027/fulcrum.bc386m18q,B452
https://hdl.handle.net/2027/fulcrum.3484zj71v,B516
https://hdl.handle.net/2027/fulcrum.8c97ks43d,B410
https://hdl.handle.net/2027/fulcrum.zw12z718v,B363
https://hdl.handle.net/2027/fulcrum.r781wh985,B418
https://hdl.handle.net/2027/fulcrum.j3860909r,B227
https://hdl.handle.net/2027/fulcrum.5999n5564,B424
https://hdl.handle.net/2027/fulcrum.6395w929b,B234
https://hdl.handle.net/2027/fulcrum.xk81jn428,B240
https://hdl.handle.net/2027/fulcrum.zg64tn889,B272
